NPI,TIN,Model Type,Valid Through Date
3106175375,683719091,BPCI Advanced,1/1/2019
3040284101,668537942,Integrated Care for Kids (InCK) Model,6/1/2019
8729874544,773655561,Medicare Care Choices Model,4/1/2020
6406807886,831764243,Medicare Care Choices Model,4/1/2020
1181078547,442272672,Medicare Care Choices Model,4/1/2020
9842918549,320981559,Innovation Advisors Program,7/1/2019
2511475172,734899584,Medicare Demonstrations,12/10/2019
8616192794,431222535,Comprehensive Care for Joint Replacement Model,6/1/2018
3460994643,107803798,Million Hearts,1/1/2021
7403846299,103672861,Partnership for Patients,1/1/2020
7374721372,983225366,Million Hearts,1/1/2021
2952208603,671616935,Comprehensive Care for Joint Replacement Model,6/1/2018
1013285451,332940262,BPCI Advanced,1/1/2019
3207727496,747884321,Comprehensive Care for Joint Replacement Model,6/1/2018
2349237307,125789111,Medicare Care Choices Model,4/1/2020
7425208049,124227458,Pennsylvania Rural Health Model,1/1/2019
9354029719,951022203,Million Hearts,1/1/2021
2351323109,786074424,Medicare Care Choices Model,4/1/2020
3889736054,257393691,Pennsylvania Rural Health Model,1/1/2019
1589414477,269043192,Medicare Demonstrations,12/10/2019
3043601517,755562827,Partnership for Patients,1/1/2020
7866971345,612747150,Medicare Demonstrations,12/10/2019
8308216182,527930504,Million Hearts,1/1/2021
2466808484,792915146,Medicare Care Choices Model,4/1/2020
1262335460,523914456,Independence at Home Demonstration,1/1/2020
7250586121,480651768,Innovation Advisors Program,7/1/2019
8152264312,344256133,Medicare Demonstrations,12/10/2019
8092477735,822945417,Independence at Home Demonstration,1/1/2020
9916672048,681228183,Medicare Demonstrations,12/10/2019
5922672808,882608653,Medicare Demonstrations,12/10/2019
8727218231,157047041,BPCI Advanced,1/1/2019
8192480092,336125313,Oncology Care Model,10/10/2017
7199731200,468634826,BPCI Advanced,1/1/2019
5371952586,160213521,Partnership for Patients,1/1/2020
2242614917,309844713,International Pricing Index (IPI) Model,8/5/2019
9176751526,917514090,Pennsylvania Rural Health Model,1/1/2019
3527778401,295660120,Innovation Advisors Program,7/1/2019
1334266222,529357341,Integrated Care for Kids (InCK) Model,6/1/2019
9111540305,859641246,Comprehensive Care for Joint Replacement Model,6/1/2018
8466354825,170004367,Pennsylvania Rural Health Model,1/1/2019
9391635569,851450710,Independence at Home Demonstration,1/1/2020
4066782481,185624516,Oncology Care Model,10/10/2017
4965164963,429004961,Comprehensive Care for Joint Replacement Model,6/1/2018
3471318916,720593428,International Pricing Index (IPI) Model,8/5/2019
9670798179,746201134,Pennsylvania Rural Health Model,1/1/2019
928622254,252824523,Partnership for Patients,1/1/2020
6200045073,866906971,Medicare Care Choices Model,4/1/2020
5819236493,745724773,Medicare Demonstrations,12/10/2019
9800526474,113955800,International Pricing Index (IPI) Model,8/5/2019
178118548,154642449,Independence at Home Demonstration,1/1/2020
8394177942,544085604,Pennsylvania Rural Health Model,1/1/2019
5019505523,710363511,Comprehensive Care for Joint Replacement Model,6/1/2018
687560456,482995425,Comprehensive Care for Joint Replacement Model,6/1/2018
1045140401,167554407,Million Hearts,1/1/2021
1791367224,814235503,International Pricing Index (IPI) Model,8/5/2019
5945030190,738421403,Medicare Demonstrations,12/10/2019
1147444925,425421021,Partnership for Patients,1/1/2020
4540821640,801907867,Medicare Care Choices Model,4/1/2020
3592593396,247259795,Medicare Demonstrations,12/10/2019
3439471442,207364068,Innovation Advisors Program,7/1/2019
5210674581,712550158,Medicare Care Choices Model,4/1/2020
8580212123,836797914,Partnership for Patients,1/1/2020
2268570985,732717728,Million Hearts,1/1/2021
3496151440,785485069,Innovation Advisors Program,7/1/2019
8318143869,241997712,Pennsylvania Rural Health Model,1/1/2019
8002036159,198955576,Partnership for Patients,1/1/2020
5715924887,572280796,International Pricing Index (IPI) Model,8/5/2019
8518249031,359543629,Medicare Care Choices Model,4/1/2020
5906478958,747791311,Medicare Demonstrations,12/10/2019
9668325555,294906066,Integrated Care for Kids (InCK) Model,6/1/2019
5613043244,451150696,Comprehensive Care for Joint Replacement Model,6/1/2018
5120362939,212021265,International Pricing Index (IPI) Model,8/5/2019
5424499726,727094271,Independence at Home Demonstration,1/1/2020
4219205976,741620884,Million Hearts,1/1/2021
6369280203,681244315,Medicare Care Choices Model,4/1/2020
979816006,666818820,Million Hearts,1/1/2021
8383829248,606614992,Pennsylvania Rural Health Model,1/1/2019
97810249860,216826727,Medicare Care Choices Model,4/1/2020
7224098997,761059601,BPCI Advanced,1/1/2019
2494558899,934471850,Partnership for Patients,1/1/2020
711190675,676402371,Innovation Advisors Program,7/1/2019
7929262497,118049805,Partnership for Patients,1/1/2020
2185803501,740445904,Independence at Home Demonstration,1/1/2020
2152540102,998440930,Medicare Care Choices Model,4/1/2020
4854263223,884096972,Pennsylvania Rural Health Model,1/1/2019
5733974872,163862410,Oncology Care Model,10/10/2017
2402579916,335577815,Pennsylvania Rural Health Model,1/1/2019
1912623133,127882534,Partnership for Patients,1/1/2020
4099085077,531863241,Integrated Care for Kids (InCK) Model,6/1/2019
4351882061,698077746,Comprehensive Care for Joint Replacement Model,6/1/2018
5222904240,537965446,International Pricing Index (IPI) Model,8/5/2019
7687649419,903575833,International Pricing Index (IPI) Model,8/5/2019
4196964967,626219408,BPCI Advanced,1/1/2019
7945443217,996136956,Partnership for Patients,1/1/2020
4330014273,948221037,Medicare Care Choices Model,4/1/2020
5967008405,296196973,International Pricing Index (IPI) Model,8/5/2019
9874744482,809694703,Partnership for Patients,1/1/2020
1040484275,429119241,Medicare Demonstrations,12/10/2019
8626556640,733559310,International Pricing Index (IPI) Model,8/5/2019
2524276419,891245146,Medicare Demonstrations,12/10/2019
6588509425,861778810,Million Hearts,1/1/2021
8673178108,829579704,Comprehensive Care for Joint Replacement Model,6/1/2018
726483402,587956236,International Pricing Index (IPI) Model,8/5/2019
5661958327,737606266,Integrated Care for Kids (InCK) Model,6/1/2019
9199292191,399799389,International Pricing Index (IPI) Model,8/5/2019
6994246349,767967553,Million Hearts,1/1/2021
2594785471,878459323,Comprehensive Care for Joint Replacement Model,6/1/2018
9263999318,532202622,Million Hearts,1/1/2021
7515127687,132323860,International Pricing Index (IPI) Model,8/5/2019
8185704789,881604268,Independence at Home Demonstration,1/1/2020
6722433748,584952361,Pennsylvania Rural Health Model,1/1/2019
3953662244,286658322,Medicare Care Choices Model,4/1/2020
5233074934,810718554,Medicare Care Choices Model,4/1/2020
7381722694,677890375,Oncology Care Model,10/10/2017
9781678328,148813815,Integrated Care for Kids (InCK) Model,6/1/2019
7205046494,110961770,Medicare Care Choices Model,4/1/2020
9140886240,479033906,Comprehensive Care for Joint Replacement Model,6/1/2018
3873177224,354140290,Integrated Care for Kids (InCK) Model,6/1/2019
6036749086,957783741,Innovation Advisors Program,7/1/2019
7616507134,145094535,Medicare Demonstrations,12/10/2019
8227889259,510688744,International Pricing Index (IPI) Model,8/5/2019
5579690897,593654360,Comprehensive Care for Joint Replacement Model,6/1/2018
8588870245,793789636,BPCI Advanced,1/1/2019
8075396050,804171488,Integrated Care for Kids (InCK) Model,6/1/2019
2038573616,357553095,Medicare Demonstrations,12/10/2019
2204416057,861901006,Integrated Care for Kids (InCK) Model,6/1/2019
4430844520,379806002,BPCI Advanced,1/1/2019
7713932920,884364797,Pennsylvania Rural Health Model,1/1/2019
1627945676,990393990,Partnership for Patients,1/1/2020
7805892982,389903327,Pennsylvania Rural Health Model,1/1/2019
7794700378,920176490,Integrated Care for Kids (InCK) Model,6/1/2019
2308174202,884591965,Partnership for Patients,1/1/2020
1717401248,809092727,Pennsylvania Rural Health Model,1/1/2019
9286335077,495299296,Partnership for Patients,1/1/2020
5855746405,390126998,Million Hearts,1/1/2021
5839640385,986286191,Partnership for Patients,1/1/2020
7118527473,334524073,Partnership for Patients,1/1/2020
7138311213,783534452,Pennsylvania Rural Health Model,1/1/2019
2799489085,881919654,Medicare Demonstrations,12/10/2019
2171621446,533116142,Medicare Demonstrations,12/10/2019
4193851969,657568377,Million Hearts,1/1/2021
7427930475,317931473,Pennsylvania Rural Health Model,1/1/2019
5358300536,961461562,Independence at Home Demonstration,1/1/2020
8240048925,197052761,BPCI Advanced,1/1/2019
2765993425,120618729,Partnership for Patients,1/1/2020
9217075776,318925473,International Pricing Index (IPI) Model,8/5/2019
96892717136,284781775,Independence at Home Demonstration,1/1/2020
4830004444,824855403,Pennsylvania Rural Health Model,1/1/2019
4584089906,594431030,Medicare Demonstrations,12/10/2019
7556168772,510025734,Million Hearts,1/1/2021
3795080431,382316413,Pennsylvania Rural Health Model,1/1/2019
3673358289,237439967,Partnership for Patients,1/1/2020
5776383957,374561158,BPCI Advanced,1/1/2019
7553619132,169581955,Integrated Care for Kids (InCK) Model,6/1/2019
4541646459,437417417,Million Hearts,1/1/2021
5960819089,972918966,Innovation Advisors Program,7/1/2019
1421360975,872468498,Innovation Advisors Program,7/1/2019
7613387456,125777205,Partnership for Patients,1/1/2020
2473101444,155388691,BPCI Advanced,1/1/2019
7682306932,584686426,Medicare Care Choices Model,4/1/2020
7255667637,271874185,Independence at Home Demonstration,1/1/2020
2592890117,962649772,Comprehensive Care for Joint Replacement Model,6/1/2018
3333772614,136744179,Oncology Care Model,10/10/2017
9021301723,314345301,Partnership for Patients,1/1/2020
3398823179,569693849,Pennsylvania Rural Health Model,1/1/2019
1464474604,849262923,Medicare Demonstrations,12/10/2019
7808131958,835339389,Million Hearts,1/1/2021
8653447424,833252400,Comprehensive Care for Joint Replacement Model,6/1/2018
6025266753,661055752,Pennsylvania Rural Health Model,1/1/2019
1611464862,692321258,Comprehensive Care for Joint Replacement Model,6/1/2018
6766172053,651739361,Medicare Demonstrations,12/10/2019
6377819571,692258845,Independence at Home Demonstration,1/1/2020
1225263452,866828499,Partnership for Patients,1/1/2020
53781374057,138243762,BPCI Advanced,1/1/2019
6994905464,654304068,Oncology Care Model,10/10/2017
6293617562,859192360,Medicare Demonstrations,12/10/2019
9463977717,141336455,Independence at Home Demonstration,1/1/2020
3075737677,424023646,Partnership for Patients,1/1/2020
9854636971,721568366,Medicare Care Choices Model,4/1/2020
4091144640,508224677,Pennsylvania Rural Health Model,1/1/2019
2694074685,754732159,Comprehensive Care for Joint Replacement Model,6/1/2018
7319712718,382467288,Medicare Demonstrations,12/10/2019
3507749026,501178244,Million Hearts,1/1/2021
7517575008,481523951,Medicare Demonstrations,12/10/2019
4606430963,560840259,BPCI Advanced,1/1/2019
9609222374,919268274,Medicare Demonstrations,12/10/2019
64394794305,785608234,Oncology Care Model,10/10/2017
7163667299,981583984,Partnership for Patients,1/1/2020
1817426669,105773563,Integrated Care for Kids (InCK) Model,6/1/2019
9712734620,718417309,Comprehensive Care for Joint Replacement Model,6/1/2018
5252216275,408576324,Oncology Care Model,10/10/2017
2769982887,179025014,BPCI Advanced,1/1/2019
4801799451,882246227,Comprehensive Care for Joint Replacement Model,6/1/2018
7037102341,694764748,BPCI Advanced,1/1/2019
2177077098,875798924,Partnership for Patients,1/1/2020
8959492629,254801743,Innovation Advisors Program,7/1/2019
9507954433,401328535,Partnership for Patients,1/1/2020
1014736908,699724542,Oncology Care Model,10/10/2017
1327369181,671782719,Medicare Demonstrations,12/10/2019
8555731255,951056123,International Pricing Index (IPI) Model,8/5/2019
8088216884,268218774,Medicare Care Choices Model,4/1/2020
2588397440,220755287,International Pricing Index (IPI) Model,8/5/2019
872274084,938390503,Partnership for Patients,1/1/2020
8888413977,976959411,Pennsylvania Rural Health Model,1/1/2019
2344764859,622510663,Partnership for Patients,1/1/2020
5505198718,372441313,International Pricing Index (IPI) Model,8/5/2019
5828081112,685510259,Comprehensive Care for Joint Replacement Model,6/1/2018
5757070490,858762994,Comprehensive Care for Joint Replacement Model,6/1/2018
8397575480,233702818,Oncology Care Model,10/10/2017
5078470056,484952949,International Pricing Index (IPI) Model,8/5/2019
1381195779,898739442,Comprehensive Care for Joint Replacement Model,6/1/2018
9591381352,467075219,Million Hearts,1/1/2021
2212321485,653729713,Independence at Home Demonstration,1/1/2020
4151164876,654838143,Million Hearts,1/1/2021
3625675681,556282865,BPCI Advanced,1/1/2019
8840010911,366456303,BPCI Advanced,1/1/2019
4550966301,507157787,Medicare Demonstrations,12/10/2019
1142374606,697118844,Integrated Care for Kids (InCK) Model,6/1/2019
7148290845,365820508,BPCI Advanced,1/1/2019
3142797521,227335083,Partnership for Patients,1/1/2020
5529716933,300771455,Independence at Home Demonstration,1/1/2020
4965044561,339225324,Independence at Home Demonstration,1/1/2020
7131083077,506231846,Pennsylvania Rural Health Model,1/1/2019
96123500636,780487169,Medicare Care Choices Model,4/1/2020
8768744145,341095121,Medicare Care Choices Model,4/1/2020
2020437762,237092560,Comprehensive Care for Joint Replacement Model,6/1/2018
8826489477,439260420,BPCI Advanced,1/1/2019
398724349,310733706,Comprehensive Care for Joint Replacement Model,6/1/2018
2602702062,804133258,Pennsylvania Rural Health Model,1/1/2019
6225192437,767521099,Integrated Care for Kids (InCK) Model,6/1/2019
8142311512,537677259,Innovation Advisors Program,7/1/2019
3887598571,630348666,Million Hearts,1/1/2021
1134513328,667209919,Oncology Care Model,10/10/2017
1740640794,881004611,Million Hearts,1/1/2021
6516865105,226629737,Medicare Demonstrations,12/10/2019
1689794653,382765042,Partnership for Patients,1/1/2020
4978181871,139925985,Independence at Home Demonstration,1/1/2020
7444331269,574168486,Million Hearts,1/1/2021
6890684221,862692827,Pennsylvania Rural Health Model,1/1/2019
4538802248,826662896,Partnership for Patients,1/1/2020
5659316512,271407100,BPCI Advanced,1/1/2019
4250375761,993605718,Partnership for Patients,1/1/2020
4871102474,862115729,Independence at Home Demonstration,1/1/2020
5755286031,735518000,International Pricing Index (IPI) Model,8/5/2019
8816767948,852524610,Innovation Advisors Program,7/1/2019
9851823549,987838637,Comprehensive Care for Joint Replacement Model,6/1/2018
3676850133,375041247,Partnership for Patients,1/1/2020
7784684046,376919283,International Pricing Index (IPI) Model,8/5/2019
9895324698,573493208,Innovation Advisors Program,7/1/2019
32871693959,131568064,Oncology Care Model,10/10/2017
4967953652,983555961,Partnership for Patients,1/1/2020
1710647656,233048695,Partnership for Patients,1/1/2020
5506441471,377445117,Pennsylvania Rural Health Model,1/1/2019
7295906532,741219872,Partnership for Patients,1/1/2020
7734040000,798957108,Innovation Advisors Program,7/1/2019
5482356552,605814759,Medicare Demonstrations,12/10/2019
1735468807,846478605,BPCI Advanced,1/1/2019
7507836352,925520539,Innovation Advisors Program,7/1/2019
3110347929,134846821,Independence at Home Demonstration,1/1/2020
6807777175,924716850,Medicare Care Choices Model,4/1/2020
1268423484,693279885,Integrated Care for Kids (InCK) Model,6/1/2019
8701212465,407870365,Innovation Advisors Program,7/1/2019
2425818517,283861772,Medicare Demonstrations,12/10/2019
6569320347,935770163,Million Hearts,1/1/2021
6347838958,611177805,Medicare Demonstrations,12/10/2019
324718415,464713302,Partnership for Patients,1/1/2020
9096418998,507100615,BPCI Advanced,1/1/2019
3429426570,305246390,Partnership for Patients,1/1/2020
911112584,257547703,Integrated Care for Kids (InCK) Model,6/1/2019
4528802588,369000595,Comprehensive Care for Joint Replacement Model,6/1/2018
3565230869,323048905,BPCI Advanced,1/1/2019
9293700198,489377054,Medicare Care Choices Model,4/1/2020
6146332211,853251425,BPCI Advanced,1/1/2019
3282410596,641358273,Independence at Home Demonstration,1/1/2020
9538218352,373671841,Oncology Care Model,10/10/2017
6662527053,142056685,BPCI Advanced,1/1/2019
4353225771,689500203,Comprehensive Care for Joint Replacement Model,6/1/2018
7852563239,864084335,Pennsylvania Rural Health Model,1/1/2019
4952784039,822309304,Oncology Care Model,10/10/2017
9534519548,193280347,Oncology Care Model,10/10/2017
5379578763,157846651,Integrated Care for Kids (InCK) Model,6/1/2019
9922800062,185007651,Integrated Care for Kids (InCK) Model,6/1/2019
9913660087,106649975,Medicare Demonstrations,12/10/2019
21984783827,710999206,Innovation Advisors Program,7/1/2019
3146282652,874589059,International Pricing Index (IPI) Model,8/5/2019
6332567950,785240495,Comprehensive Care for Joint Replacement Model,6/1/2018
7843586802,995692411,Comprehensive Care for Joint Replacement Model,6/1/2018
7549617489,323598561,Pennsylvania Rural Health Model,1/1/2019
7075674334,746628748,Partnership for Patients,1/1/2020
8439539510,246081075,Independence at Home Demonstration,1/1/2020
8400290838,653291065,Oncology Care Model,10/10/2017
8421962753,374707301,Medicare Demonstrations,12/10/2019
3904277039,271053744,Independence at Home Demonstration,1/1/2020
3831133186,366882063,Million Hearts,1/1/2021
7298374191,529224847,Independence at Home Demonstration,1/1/2020
4155354663,549837746,Integrated Care for Kids (InCK) Model,6/1/2019
3369020003,268849570,International Pricing Index (IPI) Model,8/5/2019
4419811250,192122137,BPCI Advanced,1/1/2019
9367235907,768429284,Integrated Care for Kids (InCK) Model,6/1/2019
6200065517,418094797,Million Hearts,1/1/2021
3750723595,901804700,Medicare Demonstrations,12/10/2019
8381356566,848500894,Pennsylvania Rural Health Model,1/1/2019
6608775436,494138620,Pennsylvania Rural Health Model,1/1/2019
4414811081,587409744,Million Hearts,1/1/2021
4413743269,721329165,Million Hearts,1/1/2021
1310640846,123990172,Pennsylvania Rural Health Model,1/1/2019
2238500484,134830526,Oncology Care Model,10/10/2017
5219760050,831025988,Pennsylvania Rural Health Model,1/1/2019
3656942539,792747074,Partnership for Patients,1/1/2020
7621557686,977102324,Oncology Care Model,10/10/2017
2526431558,437433277,Medicare Demonstrations,12/10/2019
6093157249,735089176,Innovation Advisors Program,7/1/2019
3370656290,581954019,Integrated Care for Kids (InCK) Model,6/1/2019
4439035369,494690623,BPCI Advanced,1/1/2019
1281708424,234551293,Million Hearts,1/1/2021
1829192396,127358020,Independence at Home Demonstration,1/1/2020
2435881851,992601518,Comprehensive Care for Joint Replacement Model,6/1/2018
4523446167,236916422,Partnership for Patients,1/1/2020
3488708835,976258211,International Pricing Index (IPI) Model,8/5/2019
3537766487,185221829,BPCI Advanced,1/1/2019
3633783337,795993734,International Pricing Index (IPI) Model,8/5/2019
3708667795,931173421,Integrated Care for Kids (InCK) Model,6/1/2019
7606047588,300368269,Medicare Care Choices Model,4/1/2020
5089760545,222509965,Comprehensive Care for Joint Replacement Model,6/1/2018
5884644266,352812374,Oncology Care Model,10/10/2017
6514823601,503852922,Integrated Care for Kids (InCK) Model,6/1/2019
2820014241,123820748,Integrated Care for Kids (InCK) Model,6/1/2019
7245199428,523926682,Integrated Care for Kids (InCK) Model,6/1/2019
4079123053,510018504,Independence at Home Demonstration,1/1/2020
5443955054,925537125,Medicare Demonstrations,12/10/2019
7033091852,636142405,Medicare Demonstrations,12/10/2019
3384033685,311829795,Innovation Advisors Program,7/1/2019
7295267026,984841347,Oncology Care Model,10/10/2017
9470820793,634747941,Independence at Home Demonstration,1/1/2020
3687002097,351346851,Medicare Care Choices Model,4/1/2020
2909752737,804645950,International Pricing Index (IPI) Model,8/5/2019
6603784797,919203777,International Pricing Index (IPI) Model,8/5/2019
1873995215,924507999,International Pricing Index (IPI) Model,8/5/2019
2971016987,477155908,Partnership for Patients,1/1/2020
48811078232,637253192,BPCI Advanced,1/1/2019
5468965095,554223403,Medicare Care Choices Model,4/1/2020
4338093055,451749449,Pennsylvania Rural Health Model,1/1/2019
1408861940,344492938,Medicare Demonstrations,12/10/2019
7757326815,352769175,Pennsylvania Rural Health Model,1/1/2019
7106937098,225886365,Medicare Demonstrations,12/10/2019
7730848141,891286835,Integrated Care for Kids (InCK) Model,6/1/2019
2076206475,547276499,Independence at Home Demonstration,1/1/2020
6178986173,427670237,Pennsylvania Rural Health Model,1/1/2019
3860860709,991845414,Million Hearts,1/1/2021
6348236418,841634029,Comprehensive Care for Joint Replacement Model,6/1/2018
406794846,211458694,BPCI Advanced,1/1/2019
7715957412,493617575,Oncology Care Model,10/10/2017
4397512855,179440086,Pennsylvania Rural Health Model,1/1/2019
7776421647,216287418,Medicare Demonstrations,12/10/2019
4424402327,822506309,BPCI Advanced,1/1/2019
1844912869,427087119,Pennsylvania Rural Health Model,1/1/2019
9701607969,548650427,International Pricing Index (IPI) Model,8/5/2019
7491040052,139697822,International Pricing Index (IPI) Model,8/5/2019
8470036962,259974138,BPCI Advanced,1/1/2019
7961993251,982053475,Medicare Care Choices Model,4/1/2020
2315621336,163164067,Integrated Care for Kids (InCK) Model,6/1/2019
4895407532,569978434,Integrated Care for Kids (InCK) Model,6/1/2019
1717201622,342262216,Pennsylvania Rural Health Model,1/1/2019
4926443803,562680473,Oncology Care Model,10/10/2017
7688853655,887455588,Comprehensive Care for Joint Replacement Model,6/1/2018
3218456598,174365557,Innovation Advisors Program,7/1/2019
5611869772,215305976,International Pricing Index (IPI) Model,8/5/2019
8350421433,845014470,Million Hearts,1/1/2021
1758175909,682553800,Independence at Home Demonstration,1/1/2020
2215816184,583110904,Oncology Care Model,10/10/2017
91929296413,194499943,Integrated Care for Kids (InCK) Model,6/1/2019
4088099997,255284642,Independence at Home Demonstration,1/1/2020
6190936443,746750196,Medicare Demonstrations,12/10/2019
3245994603,875134108,Integrated Care for Kids (InCK) Model,6/1/2019
9203426199,336562471,Oncology Care Model,10/10/2017
4985608437,490655077,Million Hearts,1/1/2021
4296902040,556932047,Innovation Advisors Program,7/1/2019
5667058726,940551775,BPCI Advanced,1/1/2019
2340928672,728405042,Integrated Care for Kids (InCK) Model,6/1/2019
4975957745,841977224,Independence at Home Demonstration,1/1/2020
66094725041,234553836,Million Hearts,1/1/2021
1581923400,488747374,Million Hearts,1/1/2021
184355701,506425121,Integrated Care for Kids (InCK) Model,6/1/2019
7909815798,648639761,Oncology Care Model,10/10/2017
2689228288,372324399,Partnership for Patients,1/1/2020
3710152877,151435293,Partnership for Patients,1/1/2020
2880273281,487996525,Pennsylvania Rural Health Model,1/1/2019
723037200,888844808,Pennsylvania Rural Health Model,1/1/2019
1710311451,431601881,Integrated Care for Kids (InCK) Model,6/1/2019
2179495959,579085376,Medicare Care Choices Model,4/1/2020
3449536861,206740447,International Pricing Index (IPI) Model,8/5/2019
2547409377,749662800,Innovation Advisors Program,7/1/2019
5480734685,221432956,Integrated Care for Kids (InCK) Model,6/1/2019
3893040097,615676487,Partnership for Patients,1/1/2020
4592779548,521797976,Pennsylvania Rural Health Model,1/1/2019
8172727249,595858791,Integrated Care for Kids (InCK) Model,6/1/2019
9079222771,367625259,Integrated Care for Kids (InCK) Model,6/1/2019
7146123451,851561137,Medicare Demonstrations,12/10/2019
2398531543,577731387,Million Hearts,1/1/2021
5538106563,330538717,BPCI Advanced,1/1/2019
5506419758,917063450,Comprehensive Care for Joint Replacement Model,6/1/2018
1458538778,393810122,Independence at Home Demonstration,1/1/2020
1420676396,486620439,Medicare Care Choices Model,4/1/2020
6039021491,824172605,BPCI Advanced,1/1/2019
3315468777,276019363,Oncology Care Model,10/10/2017
8582614292,617295312,Partnership for Patients,1/1/2020
3309345726,880099716,BPCI Advanced,1/1/2019
6531136300,718281971,Integrated Care for Kids (InCK) Model,6/1/2019
9742973164,779914910,BPCI Advanced,1/1/2019
3238156673,775321032,Pennsylvania Rural Health Model,1/1/2019
4302358153,337430177,Partnership for Patients,1/1/2020
6658250355,829656418,Partnership for Patients,1/1/2020
4094837828,418432287,Oncology Care Model,10/10/2017
8082761023,322814942,BPCI Advanced,1/1/2019
3345013965,702247353,Comprehensive Care for Joint Replacement Model,6/1/2018
9643611069,648037671,Pennsylvania Rural Health Model,1/1/2019
6388121579,653933453,International Pricing Index (IPI) Model,8/5/2019
1557973827,123553947,Independence at Home Demonstration,1/1/2020
5272614483,304592928,Partnership for Patients,1/1/2020
3397706425,663582331,Medicare Care Choices Model,4/1/2020
4477567067,710991404,Innovation Advisors Program,7/1/2019
6837805015,705772944,Medicare Demonstrations,12/10/2019
184230608,570967154,Innovation Advisors Program,7/1/2019
6483703115,549061545,Partnership for Patients,1/1/2020
1674298314,138680805,Pennsylvania Rural Health Model,1/1/2019
8067422500,133152524,BPCI Advanced,1/1/2019
7122053250,844274204,International Pricing Index (IPI) Model,8/5/2019
8754234527,947799783,Partnership for Patients,1/1/2020
6380170194,728891452,Oncology Care Model,10/10/2017
5233017859,209275056,Pennsylvania Rural Health Model,1/1/2019
9720754982,648768171,Integrated Care for Kids (InCK) Model,6/1/2019
9896361166,914161079,Independence at Home Demonstration,1/1/2020
2750212948,924623304,International Pricing Index (IPI) Model,8/5/2019
2017082084,660359146,Million Hearts,1/1/2021
7566102787,755977408,Pennsylvania Rural Health Model,1/1/2019
6242034901,586953705,Comprehensive Care for Joint Replacement Model,6/1/2018
7733978006,755723994,Medicare Demonstrations,12/10/2019
8922458244,341884854,International Pricing Index (IPI) Model,8/5/2019
8544813164,483291386,Million Hearts,1/1/2021
66612259803,806969128,Independence at Home Demonstration,1/1/2020
2792669188,110749557,Million Hearts,1/1/2021
7397229551,494716483,Partnership for Patients,1/1/2020
6916664322,441287493,Oncology Care Model,10/10/2017
2511787774,268045153,Million Hearts,1/1/2021
4627898693,858325941,Independence at Home Demonstration,1/1/2020
1555860299,827485061,BPCI Advanced,1/1/2019
1003056532,257207223,Oncology Care Model,10/10/2017
5654373443,664726486,Pennsylvania Rural Health Model,1/1/2019
5551765311,988940945,Million Hearts,1/1/2021
4090915404,719202868,Million Hearts,1/1/2021
6456486334,732626428,Partnership for Patients,1/1/2020
8410994247,323792839,Pennsylvania Rural Health Model,1/1/2019
4456842788,620071576,Oncology Care Model,10/10/2017
3626235642,573168104,Medicare Demonstrations,12/10/2019
4549466850,699958570,Oncology Care Model,10/10/2017
3571275221,317214155,Pennsylvania Rural Health Model,1/1/2019
2722440940,688855724,BPCI Advanced,1/1/2019
7342565653,803900285,Integrated Care for Kids (InCK) Model,6/1/2019
8791453827,500812185,BPCI Advanced,1/1/2019
3666585914,811130572,Comprehensive Care for Joint Replacement Model,6/1/2018
5860968176,719923489,Independence at Home Demonstration,1/1/2020
4243426200,633781193,Innovation Advisors Program,7/1/2019
1500290824,810940950,Comprehensive Care for Joint Replacement Model,6/1/2018
5915890144,345096196,Medicare Demonstrations,12/10/2019
7794160615,212314581,Independence at Home Demonstration,1/1/2020
1818347621,162089571,BPCI Advanced,1/1/2019
9696641288,847522243,Partnership for Patients,1/1/2020
8263074311,310989156,Oncology Care Model,10/10/2017
8733572670,868980934,Oncology Care Model,10/10/2017
3155044407,535253733,Million Hearts,1/1/2021
6792958483,497351833,Medicare Care Choices Model,4/1/2020
7709942255,374229715,Medicare Demonstrations,12/10/2019
2133050767,847183866,Oncology Care Model,10/10/2017
8145349329,855936183,Oncology Care Model,10/10/2017
8101306602,999026224,International Pricing Index (IPI) Model,8/5/2019
5212909126,697461251,Integrated Care for Kids (InCK) Model,6/1/2019
3093063709,364611657,Million Hearts,1/1/2021
7030289269,766591078,Medicare Demonstrations,12/10/2019
7395182109,480832151,International Pricing Index (IPI) Model,8/5/2019
639510679,984838746,Integrated Care for Kids (InCK) Model,6/1/2019
5748543431,395613686,BPCI Advanced,1/1/2019
7696010124,862163641,BPCI Advanced,1/1/2019
8294655914,984490469,Oncology Care Model,10/10/2017
6945973884,250793652,Integrated Care for Kids (InCK) Model,6/1/2019
3130523590,729452435,Partnership for Patients,1/1/2020
1016384301,885345030,Million Hearts,1/1/2021
9106061838,270500783,Comprehensive Care for Joint Replacement Model,6/1/2018
8182491786,118629425,International Pricing Index (IPI) Model,8/5/2019
4275690012,996758998,Integrated Care for Kids (InCK) Model,6/1/2019
7960426733,672954481,Independence at Home Demonstration,1/1/2020
2780458941,723406552,International Pricing Index (IPI) Model,8/5/2019
6813797290,228900247,Partnership for Patients,1/1/2020
3274665793,523555146,Medicare Care Choices Model,4/1/2020
3495123507,195453970,Pennsylvania Rural Health Model,1/1/2019
6801539894,227657263,Partnership for Patients,1/1/2020
2959545650,413714867,International Pricing Index (IPI) Model,8/5/2019
2649419720,532371722,Medicare Demonstrations,12/10/2019
549359799,909599998,Medicare Demonstrations,12/10/2019
5041143764,461072141,Oncology Care Model,10/10/2017
1446003739,269011160,Pennsylvania Rural Health Model,1/1/2019
31403234372,349084116,Integrated Care for Kids (InCK) Model,6/1/2019
6147150166,620876203,Comprehensive Care for Joint Replacement Model,6/1/2018
7857094131,735121804,Medicare Demonstrations,12/10/2019
4177870902,471664432,Million Hearts,1/1/2021
6445870580,914173223,BPCI Advanced,1/1/2019
9514104519,271455507,Pennsylvania Rural Health Model,1/1/2019
2355724982,853970932,Million Hearts,1/1/2021
7914760906,325791594,International Pricing Index (IPI) Model,8/5/2019
6624113190,535080888,Independence at Home Demonstration,1/1/2020
6539978448,156406568,Pennsylvania Rural Health Model,1/1/2019
2652486936,432594346,Partnership for Patients,1/1/2020
5401015297,420206163,Pennsylvania Rural Health Model,1/1/2019
4268653001,106453103,Independence at Home Demonstration,1/1/2020
6393076396,622574783,Integrated Care for Kids (InCK) Model,6/1/2019
2813105931,136520848,Partnership for Patients,1/1/2020
1019640931,489999374,Medicare Demonstrations,12/10/2019
9900080265,471272271,Pennsylvania Rural Health Model,1/1/2019
2503102651,112529112,Integrated Care for Kids (InCK) Model,6/1/2019
56235375327,578535728,Independence at Home Demonstration,1/1/2020
1967100821,916752013,Million Hearts,1/1/2021
17936295898,375811637,Independence at Home Demonstration,1/1/2020
4398119501,998573976,Independence at Home Demonstration,1/1/2020
9780681141,769890793,Million Hearts,1/1/2021
9754157193,769745462,Comprehensive Care for Joint Replacement Model,6/1/2018
7293536901,911038017,Comprehensive Care for Joint Replacement Model,6/1/2018
3715224036,602434942,Integrated Care for Kids (InCK) Model,6/1/2019
689930199,752951373,International Pricing Index (IPI) Model,8/5/2019
2266015256,725608332,BPCI Advanced,1/1/2019
7144702942,810736924,Million Hearts,1/1/2021
7877967977,154324984,Comprehensive Care for Joint Replacement Model,6/1/2018
8976144401,429102214,Innovation Advisors Program,7/1/2019
2196522850,116372042,Independence at Home Demonstration,1/1/2020
8011592739,190481069,Medicare Care Choices Model,4/1/2020
5806404625,475270829,Pennsylvania Rural Health Model,1/1/2019
9483016678,964975347,BPCI Advanced,1/1/2019
6753081903,910336538,BPCI Advanced,1/1/2019
5792710696,346984281,Comprehensive Care for Joint Replacement Model,6/1/2018
6083270135,155987137,BPCI Advanced,1/1/2019
1792430070,695763013,Comprehensive Care for Joint Replacement Model,6/1/2018
6055486628,373034132,BPCI Advanced,1/1/2019
6763527218,783154460,Independence at Home Demonstration,1/1/2020
1568960490,460536236,Medicare Demonstrations,12/10/2019
7968253964,434041408,Million Hearts,1/1/2021
1326147985,344616661,BPCI Advanced,1/1/2019
6847019570,646310773,International Pricing Index (IPI) Model,8/5/2019
5169960023,508754660,International Pricing Index (IPI) Model,8/5/2019
9006847278,632315319,International Pricing Index (IPI) Model,8/5/2019
3091022418,352589608,Medicare Care Choices Model,4/1/2020
3429060148,217195142,Integrated Care for Kids (InCK) Model,6/1/2019
6851950827,923228458,Independence at Home Demonstration,1/1/2020
6007006573,699789096,Medicare Care Choices Model,4/1/2020
6574971399,249903479,Comprehensive Care for Joint Replacement Model,6/1/2018
5207670774,984435805,Medicare Care Choices Model,4/1/2020
1135065963,305358833,International Pricing Index (IPI) Model,8/5/2019
9892241263,305440867,Pennsylvania Rural Health Model,1/1/2019
6270222642,835200870,International Pricing Index (IPI) Model,8/5/2019
5368506015,969696895,International Pricing Index (IPI) Model,8/5/2019
7794624883,917785535,Independence at Home Demonstration,1/1/2020
3465188138,445222788,International Pricing Index (IPI) Model,8/5/2019
1038849224,988179791,Partnership for Patients,1/1/2020
8701374943,148396327,Innovation Advisors Program,7/1/2019
7766122437,872532751,BPCI Advanced,1/1/2019
4987029871,449533029,Oncology Care Model,10/10/2017
9299936200,264048364,Oncology Care Model,10/10/2017
8696413002,553052894,Comprehensive Care for Joint Replacement Model,6/1/2018
1340021726,910050888,Medicare Care Choices Model,4/1/2020
9360348806,161392578,International Pricing Index (IPI) Model,8/5/2019
8841949745,330952090,Oncology Care Model,10/10/2017
8084904761,381731255,Medicare Demonstrations,12/10/2019
8754555265,828843180,Oncology Care Model,10/10/2017
3131522468,530530709,Million Hearts,1/1/2021
1119685844,700378477,Integrated Care for Kids (InCK) Model,6/1/2019
9053779601,716038253,Oncology Care Model,10/10/2017
3160507059,258483662,Integrated Care for Kids (InCK) Model,6/1/2019
8560112392,738760340,International Pricing Index (IPI) Model,8/5/2019
5617378521,927716569,BPCI Advanced,1/1/2019
6458830646,516400901,Innovation Advisors Program,7/1/2019
400048991,280901781,Medicare Care Choices Model,4/1/2020
9608944432,412847368,Medicare Care Choices Model,4/1/2020
8525921150,518643631,Comprehensive Care for Joint Replacement Model,6/1/2018
5785895637,923990634,Oncology Care Model,10/10/2017
7228971330,768284601,Innovation Advisors Program,7/1/2019
4007647272,333430946,Integrated Care for Kids (InCK) Model,6/1/2019
9641848830,301163479,Million Hearts,1/1/2021
3214629438,386946313,Medicare Care Choices Model,4/1/2020
2406904674,938479245,International Pricing Index (IPI) Model,8/5/2019
5480334925,227377943,Comprehensive Care for Joint Replacement Model,6/1/2018
5910012678,314318796,Medicare Demonstrations,12/10/2019
2502298773,777150892,Integrated Care for Kids (InCK) Model,6/1/2019
6767935946,753539795,Comprehensive Care for Joint Replacement Model,6/1/2018
5791121702,475308135,Integrated Care for Kids (InCK) Model,6/1/2019
9379185009,997498650,Integrated Care for Kids (InCK) Model,6/1/2019
1859163523,627681557,Independence at Home Demonstration,1/1/2020
3797786183,697281610,BPCI Advanced,1/1/2019
6950999352,210295615,BPCI Advanced,1/1/2019
3170438907,280336197,Comprehensive Care for Joint Replacement Model,6/1/2018
57906027219,930768071,International Pricing Index (IPI) Model,8/5/2019
7696011676,559858950,Comprehensive Care for Joint Replacement Model,6/1/2018
1297950986,630386253,Comprehensive Care for Joint Replacement Model,6/1/2018
6802095805,402167676,International Pricing Index (IPI) Model,8/5/2019
2584710669,413133772,Oncology Care Model,10/10/2017
6029884731,674092279,Partnership for Patients,1/1/2020
8204815939,537745685,Innovation Advisors Program,7/1/2019
3239559776,627517831,Pennsylvania Rural Health Model,1/1/2019
2406861007,767690088,Medicare Care Choices Model,4/1/2020
7145578358,847245196,Oncology Care Model,10/10/2017
2717987558,919035310,International Pricing Index (IPI) Model,8/5/2019
7855842432,454451332,International Pricing Index (IPI) Model,8/5/2019
8067100692,512802457,Comprehensive Care for Joint Replacement Model,6/1/2018
7306801576,208565266,Innovation Advisors Program,7/1/2019
3623867611,411576543,Oncology Care Model,10/10/2017
7781991006,738413499,Million Hearts,1/1/2021
3295209373,142895018,Independence at Home Demonstration,1/1/2020
7700531941,525184817,Independence at Home Demonstration,1/1/2020
4736379429,922401479,BPCI Advanced,1/1/2019
6137857564,596525256,BPCI Advanced,1/1/2019
2602907620,373788796,Million Hearts,1/1/2021
5838134117,970449746,Medicare Care Choices Model,4/1/2020
9199398386,557579426,Integrated Care for Kids (InCK) Model,6/1/2019
4463511939,462677188,Oncology Care Model,10/10/2017
2789729474,637057959,Comprehensive Care for Joint Replacement Model,6/1/2018
5740832071,414548209,Medicare Care Choices Model,4/1/2020
8274211912,466707015,Innovation Advisors Program,7/1/2019
9953731475,222601977,Comprehensive Care for Joint Replacement Model,6/1/2018
3657927950,334547178,Independence at Home Demonstration,1/1/2020
4972334682,780032242,BPCI Advanced,1/1/2019
6129950047,495662065,BPCI Advanced,1/1/2019
5880788240,585762674,Partnership for Patients,1/1/2020
7122361844,149720855,Innovation Advisors Program,7/1/2019
9189816298,370767769,Comprehensive Care for Joint Replacement Model,6/1/2018
7913019627,447874298,Oncology Care Model,10/10/2017
7079077104,282260661,BPCI Advanced,1/1/2019
5886161442,367467421,Innovation Advisors Program,7/1/2019
6092567661,833102858,Oncology Care Model,10/10/2017
5700626588,735820335,Million Hearts,1/1/2021
1616743690,391900499,Medicare Care Choices Model,4/1/2020
8260946388,944097912,International Pricing Index (IPI) Model,8/5/2019
2344968164,721656728,Integrated Care for Kids (InCK) Model,6/1/2019
5311539048,827987261,Partnership for Patients,1/1/2020
8728351445,322802432,BPCI Advanced,1/1/2019
4480069366,892839735,Oncology Care Model,10/10/2017
4673261648,278676750,Integrated Care for Kids (InCK) Model,6/1/2019
9587293348,107588717,Independence at Home Demonstration,1/1/2020
2672268424,272359930,Million Hearts,1/1/2021
7367284792,777491848,BPCI Advanced,1/1/2019
8264942136,334865287,Medicare Demonstrations,12/10/2019
8805086088,952538875,Innovation Advisors Program,7/1/2019
5856958611,827180132,Independence at Home Demonstration,1/1/2020
9430885258,402010611,Pennsylvania Rural Health Model,1/1/2019
3497501353,593739418,Integrated Care for Kids (InCK) Model,6/1/2019
4888292032,362164810,Innovation Advisors Program,7/1/2019
9754313812,360338321,Integrated Care for Kids (InCK) Model,6/1/2019
5085537988,698511499,Medicare Care Choices Model,4/1/2020
1780717058,787897954,Integrated Care for Kids (InCK) Model,6/1/2019
6602612681,143941543,Pennsylvania Rural Health Model,1/1/2019
7132070898,372661486,Innovation Advisors Program,7/1/2019
5278583476,982974764,Independence at Home Demonstration,1/1/2020
6083247760,463200930,International Pricing Index (IPI) Model,8/5/2019
4231927789,212741975,Oncology Care Model,10/10/2017
8449152122,158263989,Million Hearts,1/1/2021
5545189305,718185109,Million Hearts,1/1/2021
8693847161,143307424,Comprehensive Care for Joint Replacement Model,6/1/2018
2247381959,253806778,Integrated Care for Kids (InCK) Model,6/1/2019
3357081884,641365861,BPCI Advanced,1/1/2019
6659871589,708393547,Million Hearts,1/1/2021
5145855081,502340133,Million Hearts,1/1/2021
3148839525,965092834,International Pricing Index (IPI) Model,8/5/2019
6764049683,871496935,Comprehensive Care for Joint Replacement Model,6/1/2018
5199954459,264557654,BPCI Advanced,1/1/2019
4229174618,167069501,Comprehensive Care for Joint Replacement Model,6/1/2018
47226438792,852284583,Medicare Demonstrations,12/10/2019
8828312396,181041778,Independence at Home Demonstration,1/1/2020
8188837560,123295937,Million Hearts,1/1/2021
2060897875,900500118,BPCI Advanced,1/1/2019
4018379303,765817516,Comprehensive Care for Joint Replacement Model,6/1/2018
3921693065,313921335,Oncology Care Model,10/10/2017
3224638189,118000639,Independence at Home Demonstration,1/1/2020
5074136537,931364089,Oncology Care Model,10/10/2017
8106944910,288934798,Oncology Care Model,10/10/2017
7899948005,134625297,Independence at Home Demonstration,1/1/2020
2894272469,573016046,Medicare Care Choices Model,4/1/2020
2248220081,327614172,Medicare Demonstrations,12/10/2019
5049239416,290378801,Innovation Advisors Program,7/1/2019
63747885482,356905155,Partnership for Patients,1/1/2020
4295499725,147686160,Innovation Advisors Program,7/1/2019
5094640187,675070143,Medicare Demonstrations,12/10/2019
6542656973,131332924,Million Hearts,1/1/2021
6728542070,102891982,Oncology Care Model,10/10/2017
7208044561,528117723,Medicare Demonstrations,12/10/2019
9935669934,518095425,Medicare Demonstrations,12/10/2019
2617239993,591839716,Partnership for Patients,1/1/2020
5823118842,530492337,Partnership for Patients,1/1/2020
8471719608,377088537,Medicare Demonstrations,12/10/2019
5076577647,913000583,Medicare Care Choices Model,4/1/2020
2756797512,302960265,Medicare Demonstrations,12/10/2019
8829008068,404190208,Million Hearts,1/1/2021
7315279811,270270968,Innovation Advisors Program,7/1/2019
8433524985,727177196,International Pricing Index (IPI) Model,8/5/2019
4451531170,367798690,BPCI Advanced,1/1/2019
6562740251,212481326,Medicare Care Choices Model,4/1/2020
6923898301,736643982,Pennsylvania Rural Health Model,1/1/2019
7232437487,344049194,Integrated Care for Kids (InCK) Model,6/1/2019
1136179870,698051819,International Pricing Index (IPI) Model,8/5/2019
8882371577,801176724,International Pricing Index (IPI) Model,8/5/2019
5213952356,982314880,Pennsylvania Rural Health Model,1/1/2019
7715844263,619677296,Independence at Home Demonstration,1/1/2020
2029932383,771455903,Integrated Care for Kids (InCK) Model,6/1/2019
8330754184,805968580,Partnership for Patients,1/1/2020
4136905104,480713631,Pennsylvania Rural Health Model,1/1/2019
9810834793,712363773,Comprehensive Care for Joint Replacement Model,6/1/2018
2287122453,125108890,Pennsylvania Rural Health Model,1/1/2019
7222538721,914615816,Comprehensive Care for Joint Replacement Model,6/1/2018
6726351631,309292472,BPCI Advanced,1/1/2019
1961472630,367889508,Medicare Care Choices Model,4/1/2020
62204285888,990214446,Independence at Home Demonstration,1/1/2020
3455023630,124150097,Comprehensive Care for Joint Replacement Model,6/1/2018
7369735643,930517885,Integrated Care for Kids (InCK) Model,6/1/2019
7524714368,536838860,Oncology Care Model,10/10/2017
2982447403,424646463,Pennsylvania Rural Health Model,1/1/2019
9049401141,123800637,Medicare Care Choices Model,4/1/2020
8004802012,322178298,Innovation Advisors Program,7/1/2019
2259468694,226003416,Innovation Advisors Program,7/1/2019
7885598038,227468767,Pennsylvania Rural Health Model,1/1/2019
7088804753,110124525,Million Hearts,1/1/2021
2839128495,801366079,Medicare Demonstrations,12/10/2019
9660600484,479874275,BPCI Advanced,1/1/2019
8198714866,761803243,Comprehensive Care for Joint Replacement Model,6/1/2018
6296012985,368346412,BPCI Advanced,1/1/2019
1659511186,664662057,International Pricing Index (IPI) Model,8/5/2019
6292593251,441130527,Comprehensive Care for Joint Replacement Model,6/1/2018
4584328694,851266862,Medicare Demonstrations,12/10/2019
2882388673,160362984,International Pricing Index (IPI) Model,8/5/2019
3243945243,832298305,Medicare Demonstrations,12/10/2019
8450083430,687535331,Comprehensive Care for Joint Replacement Model,6/1/2018
2202666683,181209423,Oncology Care Model,10/10/2017
5808956358,863779898,Innovation Advisors Program,7/1/2019
7917599723,409393442,Million Hearts,1/1/2021
8398244813,791972365,Integrated Care for Kids (InCK) Model,6/1/2019
7700644801,545120458,Comprehensive Care for Joint Replacement Model,6/1/2018
7000423278,551679413,Innovation Advisors Program,7/1/2019
4036494332,164081275,BPCI Advanced,1/1/2019
9133531811,985141503,BPCI Advanced,1/1/2019
3804376861,776363546,Independence at Home Demonstration,1/1/2020
3349155879,933817011,Partnership for Patients,1/1/2020
5884594768,263466334,Partnership for Patients,1/1/2020
4519950974,434316960,Oncology Care Model,10/10/2017
9090910735,134841217,Medicare Demonstrations,12/10/2019
4970820989,728928445,Comprehensive Care for Joint Replacement Model,6/1/2018
9902677241,871877517,Medicare Care Choices Model,4/1/2020
6836902299,219401911,Pennsylvania Rural Health Model,1/1/2019
6687008055,773399750,BPCI Advanced,1/1/2019
6716825701,523203729,Innovation Advisors Program,7/1/2019
8663982147,816091813,Innovation Advisors Program,7/1/2019
3105094403,987559976,Integrated Care for Kids (InCK) Model,6/1/2019
9585072553,280628490,Pennsylvania Rural Health Model,1/1/2019
1543355246,351854539,Million Hearts,1/1/2021
3382413730,913716782,BPCI Advanced,1/1/2019
4421368760,810793131,Independence at Home Demonstration,1/1/2020
1700384282,756994922,Pennsylvania Rural Health Model,1/1/2019
1977477961,308466312,Partnership for Patients,1/1/2020
789820325,239580856,Independence at Home Demonstration,1/1/2020
8698816582,192183080,BPCI Advanced,1/1/2019
25145007789,258229461,Million Hearts,1/1/2021
2635455233,450374620,Medicare Care Choices Model,4/1/2020
3053391231,814468977,Partnership for Patients,1/1/2020
3457042703,851957048,BPCI Advanced,1/1/2019
4111411938,302288136,Medicare Care Choices Model,4/1/2020
2194162469,614628412,Oncology Care Model,10/10/2017
27312940230,431077250,Partnership for Patients,1/1/2020
1293450403,208605614,Oncology Care Model,10/10/2017
7602689003,458504975,Medicare Care Choices Model,4/1/2020
9424671656,735043869,Innovation Advisors Program,7/1/2019
5200302458,572572596,BPCI Advanced,1/1/2019
9823472067,346212145,Oncology Care Model,10/10/2017
8861595212,334336321,International Pricing Index (IPI) Model,8/5/2019
1309975237,659964618,Integrated Care for Kids (InCK) Model,6/1/2019
3140971250,931692709,International Pricing Index (IPI) Model,8/5/2019
2885358012,491144265,Comprehensive Care for Joint Replacement Model,6/1/2018
7366378264,470219753,Integrated Care for Kids (InCK) Model,6/1/2019
2902838103,243590239,Independence at Home Demonstration,1/1/2020
1490318619,864827060,Medicare Care Choices Model,4/1/2020
2364859605,596678765,BPCI Advanced,1/1/2019
5378229285,742338990,Independence at Home Demonstration,1/1/2020
2886839283,897762695,Innovation Advisors Program,7/1/2019
7984243429,196897600,Million Hearts,1/1/2021
9897239304,130582280,Oncology Care Model,10/10/2017
2349085748,844868954,Oncology Care Model,10/10/2017
8223327007,457868745,Innovation Advisors Program,7/1/2019
1621585958,458620201,Comprehensive Care for Joint Replacement Model,6/1/2018
1774798288,386725017,Medicare Demonstrations,12/10/2019
4475693543,210633056,Innovation Advisors Program,7/1/2019
6967748206,572466499,Innovation Advisors Program,7/1/2019
2303896213,773941445,BPCI Advanced,1/1/2019
6357676553,866262928,Medicare Care Choices Model,4/1/2020
3537184301,266436868,Integrated Care for Kids (InCK) Model,6/1/2019
7703951229,196106704,BPCI Advanced,1/1/2019
6411724423,428867956,Million Hearts,1/1/2021
3945528800,315765705,Partnership for Patients,1/1/2020
9765122152,895612208,Medicare Demonstrations,12/10/2019
2684596598,937879704,Integrated Care for Kids (InCK) Model,6/1/2019
6150072166,331101189,Independence at Home Demonstration,1/1/2020
9089018425,778461875,Medicare Demonstrations,12/10/2019
1063361590,188072377,Integrated Care for Kids (InCK) Model,6/1/2019
8591567135,615647084,Pennsylvania Rural Health Model,1/1/2019
9205219014,529648050,International Pricing Index (IPI) Model,8/5/2019
1590904466,574841082,Medicare Demonstrations,12/10/2019
9395711473,393995840,Medicare Care Choices Model,4/1/2020
3225958800,933574410,Pennsylvania Rural Health Model,1/1/2019
5634112846,423678545,Partnership for Patients,1/1/2020
8260056972,278506876,Comprehensive Care for Joint Replacement Model,6/1/2018
1612628309,659204823,Medicare Care Choices Model,4/1/2020
9720117743,523790567,Medicare Demonstrations,12/10/2019
7709821004,774028124,Independence at Home Demonstration,1/1/2020
6642348000,296533301,Medicare Care Choices Model,4/1/2020
2748348648,197470465,Oncology Care Model,10/10/2017
1931826170,132674322,Integrated Care for Kids (InCK) Model,6/1/2019
6891750955,716182216,International Pricing Index (IPI) Model,8/5/2019
8875682568,788266104,Medicare Care Choices Model,4/1/2020
1086801309,998807818,BPCI Advanced,1/1/2019
5587279964,932988317,Medicare Demonstrations,12/10/2019
3344202809,939505844,Medicare Demonstrations,12/10/2019
7930207213,497897409,Pennsylvania Rural Health Model,1/1/2019
1227918434,631169281,Integrated Care for Kids (InCK) Model,6/1/2019
7854362069,288133566,Comprehensive Care for Joint Replacement Model,6/1/2018
1871626143,233675804,Comprehensive Care for Joint Replacement Model,6/1/2018
3797339702,939842961,Oncology Care Model,10/10/2017
7924039135,912421372,Innovation Advisors Program,7/1/2019
9141382173,555191226,BPCI Advanced,1/1/2019
27022463336,537188902,Million Hearts,1/1/2021
4820882456,512341911,Independence at Home Demonstration,1/1/2020
8199667444,541867952,Partnership for Patients,1/1/2020
6464219453,180216145,Integrated Care for Kids (InCK) Model,6/1/2019
6392181312,828119185,Oncology Care Model,10/10/2017
5002535255,164642977,Pennsylvania Rural Health Model,1/1/2019
7589133264,868835372,Partnership for Patients,1/1/2020
5966522240,633340825,Oncology Care Model,10/10/2017
3602929721,387364084,Pennsylvania Rural Health Model,1/1/2019
5041277190,939129808,Innovation Advisors Program,7/1/2019
4882903722,111523135,Independence at Home Demonstration,1/1/2020
5947560590,415176643,Pennsylvania Rural Health Model,1/1/2019
6184652389,744162096,Oncology Care Model,10/10/2017
1736412986,852219625,Medicare Care Choices Model,4/1/2020
9302915621,841461890,Comprehensive Care for Joint Replacement Model,6/1/2018
7216880402,578662973,International Pricing Index (IPI) Model,8/5/2019
4595301704,420355832,BPCI Advanced,1/1/2019
7271615313,567097281,Pennsylvania Rural Health Model,1/1/2019
9244183262,630301712,Integrated Care for Kids (InCK) Model,6/1/2019
9914202723,745020995,Million Hearts,1/1/2021
2817942099,793985760,Medicare Demonstrations,12/10/2019
3832490817,805969797,Medicare Demonstrations,12/10/2019
1369234343,781635302,Million Hearts,1/1/2021
3938538576,944750897,Million Hearts,1/1/2021
6801079164,451132104,Medicare Demonstrations,12/10/2019
2396420509,827952003,Partnership for Patients,1/1/2020
6299620271,759605399,International Pricing Index (IPI) Model,8/5/2019
1188892362,349421001,Medicare Demonstrations,12/10/2019
9047383861,672510754,Comprehensive Care for Joint Replacement Model,6/1/2018
1215016449,309518095,Pennsylvania Rural Health Model,1/1/2019
7977625343,444910393,Oncology Care Model,10/10/2017
6208130990,336894326,Pennsylvania Rural Health Model,1/1/2019
1894275514,872378487,Integrated Care for Kids (InCK) Model,6/1/2019
1410381879,807700910,Partnership for Patients,1/1/2020
4884987619,928022338,Integrated Care for Kids (InCK) Model,6/1/2019
5787403679,398146314,Oncology Care Model,10/10/2017
3527882047,383887527,Medicare Care Choices Model,4/1/2020
2618289021,615528197,Pennsylvania Rural Health Model,1/1/2019
6930083020,656033567,Independence at Home Demonstration,1/1/2020
2805825553,884356475,Comprehensive Care for Joint Replacement Model,6/1/2018
9858100941,709468372,International Pricing Index (IPI) Model,8/5/2019
4053423255,722704592,Comprehensive Care for Joint Replacement Model,6/1/2018
6847769976,957495663,Innovation Advisors Program,7/1/2019
9266782744,195216167,Oncology Care Model,10/10/2017
9990352376,600402277,Partnership for Patients,1/1/2020
9038161763,777328248,Independence at Home Demonstration,1/1/2020
135391153,898100006,Medicare Care Choices Model,4/1/2020
4927323467,955504744,Medicare Demonstrations,12/10/2019
2469516175,702539759,Partnership for Patients,1/1/2020
53217440181,420144576,Oncology Care Model,10/10/2017
6698540161,555889753,Comprehensive Care for Joint Replacement Model,6/1/2018
3394767875,748226025,Oncology Care Model,10/10/2017
7379092431,185573906,Oncology Care Model,10/10/2017
4968002632,889767264,Million Hearts,1/1/2021
4297233791,963451976,Million Hearts,1/1/2021
2005394287,256044949,International Pricing Index (IPI) Model,8/5/2019
8051935525,800914790,Comprehensive Care for Joint Replacement Model,6/1/2018
9183412847,496987214,Partnership for Patients,1/1/2020
9183840211,170410046,International Pricing Index (IPI) Model,8/5/2019
3347242455,848665905,Comprehensive Care for Joint Replacement Model,6/1/2018
6578211941,271468028,BPCI Advanced,1/1/2019
7638947128,297229118,Pennsylvania Rural Health Model,1/1/2019
4258308822,490128520,Medicare Demonstrations,12/10/2019
6607769810,402603889,Comprehensive Care for Joint Replacement Model,6/1/2018
1240120000,628651329,Integrated Care for Kids (InCK) Model,6/1/2019
5774604008,624895066,Partnership for Patients,1/1/2020
5643884211,691909463,Integrated Care for Kids (InCK) Model,6/1/2019
9935644366,207815747,Million Hearts,1/1/2021
7633446944,831698124,Integrated Care for Kids (InCK) Model,6/1/2019
2236840361,916395146,Innovation Advisors Program,7/1/2019
6888406082,139305624,International Pricing Index (IPI) Model,8/5/2019
6225606295,334798581,BPCI Advanced,1/1/2019
4613871571,951972083,Independence at Home Demonstration,1/1/2020
9789820039,996067800,Partnership for Patients,1/1/2020
1154302347,642346462,Pennsylvania Rural Health Model,1/1/2019
7859987167,759334917,International Pricing Index (IPI) Model,8/5/2019
6188793346,738719917,Innovation Advisors Program,7/1/2019
9412708858,839001213,Partnership for Patients,1/1/2020
4919011076,907395498,BPCI Advanced,1/1/2019
268561299,464661506,Partnership for Patients,1/1/2020
9482221832,386887333,Pennsylvania Rural Health Model,1/1/2019
9959186823,135637156,Independence at Home Demonstration,1/1/2020
7091817487,935976751,International Pricing Index (IPI) Model,8/5/2019
8993308989,708838353,Pennsylvania Rural Health Model,1/1/2019
802287668,415825581,Pennsylvania Rural Health Model,1/1/2019
5726155196,767993595,Medicare Demonstrations,12/10/2019
2637320013,456631701,Medicare Care Choices Model,4/1/2020
9443477671,317082882,Comprehensive Care for Joint Replacement Model,6/1/2018
8065415514,654984196,Oncology Care Model,10/10/2017
31011398635,882884270,Innovation Advisors Program,7/1/2019
7704981944,338811646,BPCI Advanced,1/1/2019
4672479399,199540133,Oncology Care Model,10/10/2017
3864265269,581281933,BPCI Advanced,1/1/2019
9181941441,364188464,Pennsylvania Rural Health Model,1/1/2019
4632559231,275694616,Pennsylvania Rural Health Model,1/1/2019
6101471681,920299417,Oncology Care Model,10/10/2017
4741603136,227010771,Pennsylvania Rural Health Model,1/1/2019
1161862591,568484380,Integrated Care for Kids (InCK) Model,6/1/2019
3144333465,905484204,Pennsylvania Rural Health Model,1/1/2019
5636601754,453861040,International Pricing Index (IPI) Model,8/5/2019
4137073431,156891249,Comprehensive Care for Joint Replacement Model,6/1/2018
4364571990,276690560,Medicare Care Choices Model,4/1/2020
27249093891,185004995,Independence at Home Demonstration,1/1/2020
8834759259,422703052,Medicare Care Choices Model,4/1/2020
8637989756,541866995,Comprehensive Care for Joint Replacement Model,6/1/2018
8955230072,387137310,Partnership for Patients,1/1/2020
8259855863,374078114,International Pricing Index (IPI) Model,8/5/2019
9241459434,877268715,BPCI Advanced,1/1/2019
7199101867,997037963,Partnership for Patients,1/1/2020
8820936150,537464014,Integrated Care for Kids (InCK) Model,6/1/2019
6881343902,212388099,Independence at Home Demonstration,1/1/2020
2818954440,613727444,Comprehensive Care for Joint Replacement Model,6/1/2018
2259037150,892234259,Comprehensive Care for Joint Replacement Model,6/1/2018
1326523382,480259286,Comprehensive Care for Joint Replacement Model,6/1/2018
5839192858,135993971,Independence at Home Demonstration,1/1/2020
9897914880,574680638,Medicare Care Choices Model,4/1/2020
2052580752,546014422,Partnership for Patients,1/1/2020
5129311176,714658586,Oncology Care Model,10/10/2017
5594124153,500088292,Pennsylvania Rural Health Model,1/1/2019
9352172370,184839904,Pennsylvania Rural Health Model,1/1/2019
6228244011,226510525,Partnership for Patients,1/1/2020
5017552956,868295408,Partnership for Patients,1/1/2020
4004448203,308010581,International Pricing Index (IPI) Model,8/5/2019
8405738989,369114635,Integrated Care for Kids (InCK) Model,6/1/2019
6958950878,726555595,Medicare Demonstrations,12/10/2019
9609825903,393993510,Innovation Advisors Program,7/1/2019
8475957055,810292314,Independence at Home Demonstration,1/1/2020
579067684,892189915,Pennsylvania Rural Health Model,1/1/2019
8816022403,572220372,Oncology Care Model,10/10/2017
9145817810,185711645,Innovation Advisors Program,7/1/2019
4502730508,629344059,BPCI Advanced,1/1/2019
7815674891,842504354,Partnership for Patients,1/1/2020
1696947385,232526716,Medicare Care Choices Model,4/1/2020
4306468278,494115095,Medicare Demonstrations,12/10/2019
6230255021,322656352,Medicare Demonstrations,12/10/2019
9051507736,945624286,Partnership for Patients,1/1/2020
6932019087,882281221,Medicare Demonstrations,12/10/2019
4885388304,514907400,Pennsylvania Rural Health Model,1/1/2019
6577948113,559875372,Medicare Care Choices Model,4/1/2020
2206091151,542099269,Medicare Care Choices Model,4/1/2020
3050855741,689207685,Integrated Care for Kids (InCK) Model,6/1/2019
3369194956,870418329,Pennsylvania Rural Health Model,1/1/2019
8894432839,561193350,Comprehensive Care for Joint Replacement Model,6/1/2018
2429057104,276505806,Oncology Care Model,10/10/2017
3972310510,998415410,Independence at Home Demonstration,1/1/2020
5496700639,113129602,Medicare Care Choices Model,4/1/2020
8012170899,905688247,Integrated Care for Kids (InCK) Model,6/1/2019
6904921460,697243441,Innovation Advisors Program,7/1/2019
1881840205,269817150,Pennsylvania Rural Health Model,1/1/2019
3470448267,970011325,Million Hearts,1/1/2021
5842768736,449728923,Innovation Advisors Program,7/1/2019
3190793133,470716806,Oncology Care Model,10/10/2017
9216749371,516514386,Independence at Home Demonstration,1/1/2020
5548642508,920230068,Independence at Home Demonstration,1/1/2020
4249615707,724426238,Million Hearts,1/1/2021
8268586798,128496487,Independence at Home Demonstration,1/1/2020
1718898103,940389657,International Pricing Index (IPI) Model,8/5/2019
4155525494,426463862,Innovation Advisors Program,7/1/2019
4715652333,539859511,Million Hearts,1/1/2021
1548339773,769669620,Medicare Demonstrations,12/10/2019
8968383777,697118092,Integrated Care for Kids (InCK) Model,6/1/2019
1464531668,774670916,Medicare Care Choices Model,4/1/2020
3860837558,956973307,Pennsylvania Rural Health Model,1/1/2019
6845176315,707409148,International Pricing Index (IPI) Model,8/5/2019
5601904597,415506681,International Pricing Index (IPI) Model,8/5/2019
9269431398,789396454,Medicare Demonstrations,12/10/2019
3358579894,466395021,Innovation Advisors Program,7/1/2019
1305271892,577414461,Independence at Home Demonstration,1/1/2020
1867913935,722447655,Medicare Care Choices Model,4/1/2020
1843721972,982360759,BPCI Advanced,1/1/2019
8909738642,313302187,BPCI Advanced,1/1/2019
8917099029,935958964,Comprehensive Care for Joint Replacement Model,6/1/2018
4085383154,799773571,BPCI Advanced,1/1/2019
6197005526,366393567,Integrated Care for Kids (InCK) Model,6/1/2019
7250612596,588546132,BPCI Advanced,1/1/2019
3200613909,456156573,International Pricing Index (IPI) Model,8/5/2019
8720473627,325057171,Independence at Home Demonstration,1/1/2020
770537282,850475984,Partnership for Patients,1/1/2020
5649382004,616517571,BPCI Advanced,1/1/2019
2224880643,839823886,Comprehensive Care for Joint Replacement Model,6/1/2018
9321606408,606321201,Oncology Care Model,10/10/2017
7990999147,183910085,Medicare Demonstrations,12/10/2019
8326478293,821060298,Oncology Care Model,10/10/2017
1657745208,298441483,Independence at Home Demonstration,1/1/2020
7358998004,921184542,Pennsylvania Rural Health Model,1/1/2019
1190479877,145857173,Integrated Care for Kids (InCK) Model,6/1/2019
7443952370,201233919,Medicare Demonstrations,12/10/2019
6452990453,266473418,Million Hearts,1/1/2021
7515657188,879359257,Independence at Home Demonstration,1/1/2020
8618523475,986411870,Integrated Care for Kids (InCK) Model,6/1/2019
5588657937,600308529,Independence at Home Demonstration,1/1/2020
4058099175,854049841,Oncology Care Model,10/10/2017
2295255600,892652460,Pennsylvania Rural Health Model,1/1/2019
9416867924,398992216,Comprehensive Care for Joint Replacement Model,6/1/2018
9690072076,377018998,Partnership for Patients,1/1/2020
2031257392,200010495,Independence at Home Demonstration,1/1/2020
9098834200,933413356,Oncology Care Model,10/10/2017
5619539641,619712950,Innovation Advisors Program,7/1/2019
257580512,906749223,Medicare Demonstrations,12/10/2019
4666598457,522612676,Pennsylvania Rural Health Model,1/1/2019
9392904543,323600676,Oncology Care Model,10/10/2017
6495792361,218880458,International Pricing Index (IPI) Model,8/5/2019
6576498987,462795091,Oncology Care Model,10/10/2017
8300892816,977382166,International Pricing Index (IPI) Model,8/5/2019
3794880286,945936724,Integrated Care for Kids (InCK) Model,6/1/2019
2050323486,416086232,Oncology Care Model,10/10/2017
7828718495,731744302,Comprehensive Care for Joint Replacement Model,6/1/2018
9370836980,667082566,International Pricing Index (IPI) Model,8/5/2019
9024235860,650541929,International Pricing Index (IPI) Model,8/5/2019
1975569207,976567126,Independence at Home Demonstration,1/1/2020
5058952099,565776276,Million Hearts,1/1/2021
7191997393,468668186,International Pricing Index (IPI) Model,8/5/2019
3538030750,157910146,Independence at Home Demonstration,1/1/2020
7104143089,949474005,Comprehensive Care for Joint Replacement Model,6/1/2018
2267404525,372657016,Medicare Demonstrations,12/10/2019
450669991,867330499,International Pricing Index (IPI) Model,8/5/2019
3453849945,156457006,Innovation Advisors Program,7/1/2019
6789336446,319138350,Pennsylvania Rural Health Model,1/1/2019
9481119847,425485550,International Pricing Index (IPI) Model,8/5/2019
2642975116,836854034,Independence at Home Demonstration,1/1/2020
8052525770,796581661,Medicare Care Choices Model,4/1/2020
3025828419,783913961,Partnership for Patients,1/1/2020
1165419023,748816620,Innovation Advisors Program,7/1/2019
2457020461,390158077,International Pricing Index (IPI) Model,8/5/2019
7401116869,685975103,Million Hearts,1/1/2021
2849035052,818878026,Medicare Care Choices Model,4/1/2020
3369603675,714691704,BPCI Advanced,1/1/2019
9289468503,568883864,Partnership for Patients,1/1/2020
9064409482,923515754,Medicare Care Choices Model,4/1/2020
3849922992,278888976,Comprehensive Care for Joint Replacement Model,6/1/2018
5296510857,471814829,Medicare Care Choices Model,4/1/2020
2798298412,422034618,Pennsylvania Rural Health Model,1/1/2019
2354384242,165754562,Oncology Care Model,10/10/2017
154243608,234465802,Comprehensive Care for Joint Replacement Model,6/1/2018
9631966527,155594209,Comprehensive Care for Joint Replacement Model,6/1/2018
6892916290,429582709,Independence at Home Demonstration,1/1/2020
3649343271,161717981,Partnership for Patients,1/1/2020
5621635106,516061471,Medicare Care Choices Model,4/1/2020
2302824588,709737901,Innovation Advisors Program,7/1/2019
3100668250,258649682,Innovation Advisors Program,7/1/2019
7807481321,130018667,Independence at Home Demonstration,1/1/2020
8182900174,308942330,Medicare Demonstrations,12/10/2019
6780181163,630860616,Independence at Home Demonstration,1/1/2020
7656357192,284014505,Oncology Care Model,10/10/2017
1546214735,958914029,Integrated Care for Kids (InCK) Model,6/1/2019
3687231779,629987008,Innovation Advisors Program,7/1/2019
5370236064,342642511,Independence at Home Demonstration,1/1/2020
5732718502,167500467,Innovation Advisors Program,7/1/2019
8242060183,963940206,Partnership for Patients,1/1/2020
1803736978,693288498,Medicare Demonstrations,12/10/2019
3795002575,997292531,BPCI Advanced,1/1/2019
1346329570,904523300,Medicare Care Choices Model,4/1/2020
9426321516,758352954,Partnership for Patients,1/1/2020
7958656036,686536629,Medicare Care Choices Model,4/1/2020
8705065349,163337583,Medicare Care Choices Model,4/1/2020
4689547402,356924497,Million Hearts,1/1/2021
7935432022,146866059,Partnership for Patients,1/1/2020
1858362035,482331782,Pennsylvania Rural Health Model,1/1/2019
7391231348,254299011,Medicare Demonstrations,12/10/2019
2899223822,291534623,Independence at Home Demonstration,1/1/2020
6512011753,860238093,Partnership for Patients,1/1/2020
5246658442,409205054,BPCI Advanced,1/1/2019
9794703311,290003105,International Pricing Index (IPI) Model,8/5/2019
6921246578,622592908,Comprehensive Care for Joint Replacement Model,6/1/2018
8549203502,144808461,International Pricing Index (IPI) Model,8/5/2019
4575277702,149147865,International Pricing Index (IPI) Model,8/5/2019
2083451684,481713761,International Pricing Index (IPI) Model,8/5/2019
7657123676,172065417,International Pricing Index (IPI) Model,8/5/2019
8048996911,872690168,Independence at Home Demonstration,1/1/2020
5523412356,799850999,Comprehensive Care for Joint Replacement Model,6/1/2018
4192603189,650925094,International Pricing Index (IPI) Model,8/5/2019
3255714255,448078498,Independence at Home Demonstration,1/1/2020
9016657113,139296965,International Pricing Index (IPI) Model,8/5/2019
3520096355,566965493,Integrated Care for Kids (InCK) Model,6/1/2019
1083262067,107750983,International Pricing Index (IPI) Model,8/5/2019
7756456886,754382627,BPCI Advanced,1/1/2019
5790283175,708351495,Oncology Care Model,10/10/2017
6146815124,148634792,International Pricing Index (IPI) Model,8/5/2019
5873457647,504947031,Oncology Care Model,10/10/2017
7911269799,922716904,Partnership for Patients,1/1/2020
5681978826,946317111,BPCI Advanced,1/1/2019
4611113844,522372327,Medicare Care Choices Model,4/1/2020
8114138737,349238758,Comprehensive Care for Joint Replacement Model,6/1/2018
9106388139,563362115,Million Hearts,1/1/2021
8236782669,923212457,Medicare Demonstrations,12/10/2019
3561270273,854653912,Million Hearts,1/1/2021
6162919149,539255406,Medicare Care Choices Model,4/1/2020
811822437,678361996,Medicare Care Choices Model,4/1/2020
8628777533,693456105,Integrated Care for Kids (InCK) Model,6/1/2019
2421353915,226247468,Medicare Care Choices Model,4/1/2020
6857005691,327851212,Comprehensive Care for Joint Replacement Model,6/1/2018
9631881080,944331733,Oncology Care Model,10/10/2017
5565036758,397394853,Medicare Care Choices Model,4/1/2020
7845354084,535457763,Pennsylvania Rural Health Model,1/1/2019
5411501880,536696163,Pennsylvania Rural Health Model,1/1/2019
6512585664,165037316,Integrated Care for Kids (InCK) Model,6/1/2019
7942495848,360017598,Pennsylvania Rural Health Model,1/1/2019
3306166422,301268860,Independence at Home Demonstration,1/1/2020
7195904439,730421155,International Pricing Index (IPI) Model,8/5/2019
6736588974,647921269,Pennsylvania Rural Health Model,1/1/2019
8463490521,298249968,Integrated Care for Kids (InCK) Model,6/1/2019
7360141502,854059066,Independence at Home Demonstration,1/1/2020
6071397643,414989274,BPCI Advanced,1/1/2019
6810063126,669729197,Oncology Care Model,10/10/2017
3400083820,729831827,Partnership for Patients,1/1/2020
8029859898,580222426,Million Hearts,1/1/2021
3534250220,935042899,Integrated Care for Kids (InCK) Model,6/1/2019
1552081204,483651472,Comprehensive Care for Joint Replacement Model,6/1/2018
7068464314,653476999,Oncology Care Model,10/10/2017
1634074391,902112484,Medicare Care Choices Model,4/1/2020
1869990980,638688541,Million Hearts,1/1/2021
66008247606,563268911,Partnership for Patients,1/1/2020
1124192976,893755224,International Pricing Index (IPI) Model,8/5/2019
7548218321,114204937,BPCI Advanced,1/1/2019
2899999330,598161549,BPCI Advanced,1/1/2019
300627897,426673534,Pennsylvania Rural Health Model,1/1/2019
8781255970,566017890,Innovation Advisors Program,7/1/2019
5343980319,525770473,Partnership for Patients,1/1/2020
7291212307,182741749,Medicare Demonstrations,12/10/2019
7263411333,903305462,Independence at Home Demonstration,1/1/2020
4503404129,544866985,Independence at Home Demonstration,1/1/2020
9200245600,846239659,Partnership for Patients,1/1/2020
3137343653,957082141,Integrated Care for Kids (InCK) Model,6/1/2019
4238734212,105173590,Innovation Advisors Program,7/1/2019
